Country_New,"Gross enrolment ratio, primary, both sexes (%)","Gross enrolment ratio, secondary, both sexes (%)","Gross enrolment ratio, tertiary, both sexes (%)",Gini index (World Bank estimate),Poverty headcount ratio at $1.90 a day (2011 PPP) (% of population),Poverty headcount ratio at $3.20 a day (2011 PPP) (% of population),Poverty headcount ratio at $5.50 a day (2011 PPP) (% of population),2015-2010 change survival between 30-70,2015-2010 change adolescent birth rate,2015-2010 change basic sanitation,2015-2010 change clean fuels,classification
Afghanistan,6.356155395507983,2.397579193115206,0.0,0.0,0.0,0.0,0.0,-1.8999999999999986,0.0,6.530000000000001,9.0,1
Albania,14.686485290527003,7.35385131835929,13.569301605224602,0.0,0.0,0.0,0.0,-1.2000000000000028,0.8000000000000007,2.1200000000000045,9.0,2
Algeria,0.6998291015620026,0.0,7.087718963623107,0.0,0.0,0.0,0.0,-1.0,-0.5,0.9399999999999977,0.0,1
Andorra,0.0,0.0,0.0,0.0,0.0,0.0,0.0,0.0,-1.3000000000000003,0.0,0.0,1
Angola,0.0,0.0,0.0,0.0,0.0,0.0,0.0,-1.2000000000000028,0.0,6.309999999999995,1.0,1
Antigua and Barbuda,-6.356117248535398,-3.5012588500970026,0.0,0.0,0.0,0.0,0.0,1.0,-3.6999999999999957,1.1700000000000017,0.0,1
Argentina,0.0,0.0,0.0,0.0,0.0,0.0,0.0,-1.6999999999999993,-3.1000000000000085,1.6099999999999994,0.0,1
Armenia,0.0,0.0,-6.334796905517507,2.3999999999999986,0.30000000000000004,-4.6,-15.200000000000003,-2.8999999999999986,-2.8000000000000007,2.1000000000000085,0.0,1
Aruba,0.0,0.0,-22.0839204788208,0.0,0.0,0.0,0.0,0.0,0.0,0.0,0.0,1
Australia,-3.4962692260739914,0.0,0.0,0.0,0.0,0.0,0.0,-0.6999999999999993,-4.799999999999999,0.0,0.0,1
Austria,3.1314849853512925,1.1596450805662073,12.808334350585909,0.1999999999999993,0.19999999999999996,0.09999999999999998,0.09999999999999998,-0.6999999999999993,-2.5999999999999996,-0.009999999999990905,0.0,2
Azerbaijan,12.839187622070568,0.0,6.223159790039098,0.0,0.0,0.0,0.0,-2.3000000000000007,-7.600000000000001,9.909999999999997,2.0,2
Bahamas,0.0,0.0,0.0,0.0,0.0,0.0,0.0,-1.299999999999999,0.0,2.0900000000000034,0.0,1
Bahrain,0.0,9.270935058594091,0.0,0.0,0.0,0.0,0.0,-2.1000000000000014,0.7999999999999989,0.010000000000005116,0.0,1
Bangladesh,17.77677154541,13.4051094055176,0.0,0.0,0.0,0.0,0.0,-0.5,0.0,6.539999999999999,6.0,1
Barbados,0.0,0.0,0.0,0.0,0.0,0.0,0.0,-1.6999999999999993,0.0,2.510000000000005,0.0,1
Belarus,-2.1082916259760083,0.06155395507801131,8.519729614257798,-3.0,0.0,-0.2,-2.7,-6.5,-2.599999999999998,2.3500000000000085,0.0,2
Belgium,0.9273376464839913,61.02259063720797,7.325904846191406,-0.6999999999999993,0.0,0.0,-0.2,-1.200000000000001,-3.0,0.0,0.0,0
Belize,0.5880126953129974,5.4324264526367045,1.417009353637603,0.0,0.0,0.0,0.0,-0.8000000000000007,2.299999999999997,1.5799999999999983,0.0,1
Benin,12.694572448731009,0.0,0.0,0.0,0.0,0.0,0.0,-0.10000000000000142,0.0,2.620000000000001,0.0,1
Bermuda,-1.9353103637695028,-7.181747436523494,-5.516031265258803,0.0,0.0,0.0,0.0,0.0,0.0,0.0,0.0,1
Bhutan,0.0,0.0,0.0,0.0,0.0,0.0,0.0,-1.4000000000000021,0.0,5.390000000000008,10.0,1
Bolivia,-7.569572448730085,3.2708511352539062,0.0,0.0,0.0,0.0,0.0,-1.4000000000000021,0.0,9.11,5.0,1
Bosnia and Herzegovina,0.0,0.0,0.0,0.0,0.0,0.0,0.0,-2.6999999999999993,-3.0,0.09000000000000341,1.0,1
Botswana,0.0,0.0,8.359390258789002,0.0,0.0,0.0,0.0,-1.5,0.0,7.920000000000002,-1.0,1
Brazil,0.0,0.0,0.0,0.0,0.0,0.0,0.0,-2.0,-0.5,4.429999999999993,1.0,1
British Virgin Islands,0.0,-2.868843078612798,0.0,0.0,0.0,0.0,0.0,0.0,0.0,0.0,0.0,1
Brunei Darussalam,1.006965637207017,-3.1648559570312926,15.189970016479501,0.0,0.0,0.0,0.0,-0.3999999999999986,0.0,0.0,0.0,2
Bulgaria,-6.4149932861328125,8.591697692871094,15.9231948852539,2.8999999999999986,1.4,1.5999999999999996,1.0,-1.3000000000000007,-2.6000000000000014,0.04999999999999716,0.0,2
Burkina Faso,10.162277221679702,11.764459609985398,0.0,0.0,0.0,0.0,0.0,-0.5,0.0,1.8499999999999979,2.0,1
Burundi,-7.675163269042997,19.655757904052702,0.0,0.0,0.0,0.0,0.0,0.0,0.0,-0.04999999999999716,0.0,1
Cabo Verde,-1.7947006225589917,6.42646026611331,4.4022617340088,0.0,0.0,0.0,0.0,-0.9000000000000021,0.0,9.530000000000001,5.0,1
Cambodia,-6.732749938965,0.0,-0.9723606109619993,0.0,0.0,0.0,0.0,-0.8999999999999986,0.0,15.57,5.0,1
Cameroon,10.941329956055,0.0,6.439659118652298,0.0,0.0,0.0,0.0,0.0,0.0,-0.1700000000000017,3.0,1
Canada,0.0,0.0,0.0,0.10000000000000142,0.0,0.3,0.19999999999999996,-1.0999999999999996,-4.1,-0.20000000000000284,0.0,1
Central African Republic,0.0,0.0,0.0,0.0,0.0,0.0,0.0,-1.1999999999999993,0.0,2.1099999999999994,0.0,1
Chad,0.0,0.0,0.0,0.0,0.0,0.0,0.0,-0.3999999999999986,0.0,-1.5299999999999994,0.0,1
Chile,-1.6414031982420028,6.072479248046591,18.903182983398295,0.0,0.0,0.0,0.0,-0.8000000000000007,-12.899999999999999,2.319999999999993,0.0,2
China,-8.348793029785014,9.378051757812514,19.443849563598608,-5.100000000000001,-10.5,-21.6,-26.3,-0.7000000000000028,3.299999999999999,8.13000000000001,7.0,2
Colombia,-10.721916198730995,-3.9287643432617188,16.2481689453125,-3.6000000000000014,-3.2,-6.6,-9.5,-1.4000000000000004,0.0,5.25,5.0,2
Comoros,0.0,0.0,0.0,0.0,0.0,0.0,0.0,-0.5,0.0,1.490000000000002,1.0,1
Congo,0.0,0.0,0.0,0.0,0.0,0.0,0.0,-2.700000000000003,0.0,2.8000000000000043,9.0,1
Cook Islands,0.0,0.0,0.0,0.0,0.0,0.0,0.0,0.0,0.0,1.2800000000000011,-2.0,1
Costa Rica,-7.176544189453011,20.90042114257801,0.0,0.19999999999999574,-0.10000000000000009,-0.10000000000000053,-1.1999999999999993,-1.4000000000000004,-6.899999999999999,1.5300000000000011,2.0,1
Croatia,6.171401977539205,-2.497436523437301,14.3801689147949,-1.2999999999999972,-0.6,-0.9999999999999998,-0.7999999999999998,-1.6000000000000014,-2.8000000000000007,0.11999999999999034,-1.0,2
Cuba,-4.877090454102003,8.510604858398608,-60.77769851684571,0.0,0.0,0.0,0.0,-1.0,-1.7999999999999972,2.230000000000004,0.0,1
Cyprus,-2.324211120605213,8.337509155273523,11.789649963378892,2.5,0.0,0.0,-0.1,-0.3000000000000007,-1.1999999999999993,-0.25,0.0,2
Czech,-4.2522354125974005,10.732826232909801,0.9477310180664062,-0.7000000000000028,0.0,-0.1,-0.39999999999999997,-2.1999999999999993,0.09999999999999964,0.0,0.0,1
Democratic People's Republic of Korea,0.0,0.0,0.0,0.0,0.0,0.0,0.0,-1.5,0.0,3.6400000000000006,3.0,1
Denmark,1.9108734130864207,11.25534820556598,9.167320251464915,1.0,0.1,0.1,0.2,-1.700000000000001,-1.3000000000000003,0.0,0.0,2
Djibouti,0.0,0.0,0.0,0.0,0.0,0.0,0.0,0.3999999999999986,0.0,6.25,0.0,1
Dominica,7.200981140137003,3.5537948608399006,0.0,0.0,0.0,0.0,0.0,0.0,0.0,1.2600000000000051,0.0,1
Dominican Republic,-3.9555816650389772,1.8052597045899006,0.0,-2.0999999999999943,-0.7,-5.6,-10.0,-0.5,0.0,1.7900000000000063,1.0,1
East Asia & Pacific,0.0,0.0,0.0,0.0,-8.700000000000001,-18.1,-21.300000000000004,0.0,0.0,0.0,0.0,1
Ecuador,-2.0146255493160083,18.961753845215313,0.0,-2.799999999999997,-2.2,-5.5,-9.7,-0.40000000000000036,0.0,5.539999999999992,0.0,1
Egypt,0.0,0.0,5.328727722168001,1.6000000000000014,-0.6000000000000001,-5.5,-6.099999999999994,0.1999999999999993,0.0,0.5699999999999932,0.0,1
El Salvador,-11.70009613037098,7.404556274414091,2.7720890045166016,-2.8999999999999986,-3.7,-8.100000000000001,-9.5,-0.5999999999999996,0.0,1.25,9.0,1
Equatorial Guinea,-2.441665649414105,0.0,0.0,0.0,0.0,0.0,0.0,-1.0,0.0,2.3500000000000085,1.0,1
Eritrea,0.7041091918945028,-3.5543689727783025,0.0,0.0,0.0,0.0,0.0,-0.6000000000000014,0.0,0.6400000000000006,1.0,1
Estonia,-4.626747131347713,9.881980895995994,1.361869812011804,0.7000000000000028,-0.09999999999999998,-0.7000000000000001,-2.0999999999999996,-2.700000000000003,-5.0,-0.20000000000000284,0.0,1
Eswatini,0.0,0.0,0.0,0.0,0.0,0.0,0.0,0.0,0.0,2.549999999999997,9.0,1
Ethiopia,10.148300170897997,0.3650283813475994,0.0,1.7999999999999972,-4.800000000000001,-5.699999999999989,-3.3999999999999915,-0.5,0.0,1.1500000000000004,0.0,1
Europe & Central Asia,0.0,0.0,0.0,0.0,-0.8999999999999999,-1.5,-2.200000000000001,0.0,0.0,0.0,0.0,1
Fiji,0.0,0.0,0.0,0.0,0.0,0.0,0.0,-2.099999999999998,0.0,5.460000000000008,-1.0,1
Finland,2.406021118164503,42.183494567870994,-6.829437255859418,-0.5999999999999979,0.1,0.0,0.1,-1.3000000000000007,-2.2,0.0,0.0,0
Fragile and conflict affected situations,0.0,0.0,0.0,0.0,-3.3999999999999986,-0.19999999999999574,2.299999999999997,0.0,0.0,0.0,0.0,1
France,0.0,0.0,0.0,-1.0,0.0,0.1,0.0,-1.0,-1.6000000000000005,-0.009999999999990905,0.0,1
Gabon,0.0,0.0,0.0,0.0,0.0,0.0,0.0,-0.29999999999999893,0.0,3.9399999999999977,5.0,1
Gambia,7.205001831054702,0.0,0.0,-7.700000000000003,-15.099999999999998,-15.100000000000001,-8.0,-0.5,0.0,-5.090000000000003,0.0,1
Georgia,6.861671447754006,0.0,14.497848510742106,-3.0,-8.3,-14.900000000000002,-16.0,-0.10000000000000142,0.10000000000000142,-1.2700000000000102,10.0,2
Germany,1.2815399169920028,-1.318305969237997,0.0,1.5,0.0,-0.2,0.0,-0.5999999999999996,-1.1000000000000005,0.0,0.0,1
Ghana,0.0,0.0,0.0,0.0,0.0,0.0,0.0,0.5,8.299999999999997,3.1999999999999993,7.0,1
Greece,0.0,0.0,0.0,1.8999999999999986,0.3999999999999999,1.5999999999999999,4.6,-0.5999999999999996,-2.4000000000000004,0.5400000000000063,0.0,1
Grenada,1.49257659912098,-8.619400024414205,0.0,0.0,0.0,0.0,0.0,-2.1999999999999993,0.0,-1.0,-2.0,1
Guatemala,-15.2158203125,2.4838294982909943,0.0,0.0,0.0,0.0,0.0,0.0,-3.799999999999997,0.3200000000000074,3.0,1
Guinea,0.0,0.0,0.0,0.0,0.0,0.0,0.0,-0.5,-21.400000000000006,3.789999999999999,0.0,1
Guinea-Bissau,0.0,0.0,0.0,0.0,0.0,0.0,0.0,-1.6999999999999993,0.0,2.8999999999999986,0.0,1
Guyana,0.0,0.0,0.0,0.0,0.0,0.0,0.0,-0.5999999999999979,0.0,2.069999999999993,10.0,1
Haiti,0.0,0.0,0.0,0.0,0.0,0.0,0.0,4.399999999999999,-11.299999999999997,5.34,0.0,1
High income,0.2955245971680114,5.696617126465,0.7716140747071023,0.0,0.09999999999999998,0.0,-0.09999999999999987,0.0,0.0,0.0,0.0,1
Honduras,-5.86891937255902,-1.8610076904297017,1.4051799774169993,-3.3000000000000043,0.7999999999999989,1.8000000000000007,1.8999999999999986,-0.3000000000000007,0.0,5.159999999999997,7.0,1
"Hong Kong SAR, China",0.0,12.822334289550298,9.9886474609375,0.0,0.0,0.0,0.0,0.0,0.0,0.0,0.0,2
Hungary,-0.4664535522460085,5.269592285156094,-9.506019592285206,1.0,0.5,0.8,0.20000000000000018,-0.8999999999999986,4.900000000000002,-0.010000000000005116,0.0,1
IDA total,0.0,0.0,0.0,0.0,-4.799999999999997,-5.299999999999997,-2.700000000000003,0.0,0.0,0.0,0.0,1
Iceland,0.0,0.0,0.0,0.6000000000000014,-0.1,-0.2,-0.1,-0.5,-5.0,0.0,0.0,1
India,-0.5830307006840059,10.678260803222592,8.9633903503418,0.0,0.0,0.0,0.0,-0.6999999999999993,-26.1,12.880000000000003,8.0,2
Indonesia,-2.8035583496090055,9.301887512207102,0.055269241332997154,3.3000000000000043,-7.500000000000001,-14.5,-11.200000000000003,-0.5,0.0,9.379999999999995,26.0,1
Iran,3.1541213989249712,7.212188720703097,29.27556991577149,0.0,0.0,0.0,0.0,-2.9000000000000004,0.0,0.30000000000001137,0.0,2
Iraq,0.0,0.0,0.0,0.0,0.0,0.0,0.0,-0.8999999999999986,0.0,8.299999999999997,0.0,1
Ireland,-5.361480712890014,4.019309997558992,20.7233657836914,-0.49999999999999645,-0.2,-0.4,-0.7,-0.6999999999999993,-6.0,0.5,0.0,2
Israel,0.5278015136720029,0.4229736328129974,0.0,0.0,0.0,0.0,0.0,-0.40000000000000036,0.0,0.0,0.0,1
Italy,-1.105850219727003,0.6897583007810084,-3.7082061767578054,0.6999999999999957,0.5999999999999999,0.8999999999999999,0.8999999999999999,-0.5,-1.6000000000000005,0.0,0.0,1
Ivoire,0.0,0.0,1.0860996246337802,0.0,0.0,0.0,0.0,0.6999999999999993,-5.700000000000003,3.7300000000000004,6.0,1
Jamaica,0.0,-10.71788787841811,0.04560089111329546,0.0,0.0,0.0,0.0,-0.5,-15.299999999999997,1.9099999999999966,-1.0,1
Japan,0.0,0.0,0.0,0.0,0.0,0.0,0.0,-0.9000000000000004,-0.40000000000000036,-0.04000000000000625,0.0,1
Jordan,0.0,0.0,4.3691368103026065,0.0,0.0,0.0,0.0,-1.3000000000000007,0.0,-0.35999999999999943,0.0,1
Kazakhstan,2.9664230346680114,11.373603820800497,-0.006000518798707333,-1.1999999999999993,-0.1,-1.2,-8.799999999999999,-4.299999999999997,2.6999999999999993,0.3399999999999892,2.0,1
Kenya,0.0,0.0,0.0,0.0,0.0,0.0,0.0,-0.09999999999999964,0.0,-1.3099999999999987,2.0,1
Kiribati,0.0,0.0,0.0,0.0,0.0,0.0,0.0,-0.3000000000000007,0.0,6.439999999999998,0.0,1
"Korea, Rep.",-2.9074935913089206,2.8022994995116903,-6.481201171875,0.0,0.0,0.0,0.0,0.0,0.0,0.0,0.0,1
Kosovo,0.0,0.0,0.0,-6.799999999999997,-1.8,-12.5,-24.700000000000003,0.0,0.0,0.0,0.0,1
Kuwait,0.0,1.4673614501953125,0.0,0.0,0.0,0.0,0.0,-1.6999999999999993,-5.4,0.0,0.0,1
Kyrgyz,9.383483886718992,5.452995300292912,4.8761405944823935,-1.1000000000000014,-0.9999999999999998,-0.6000000000000014,3.1000000000000014,-1.6000000000000014,5.600000000000001,1.1400000000000006,4.0,1
Lao,-11.579063415527997,15.5732192993164,0.5491390228272017,0.0,0.0,0.0,0.0,-0.7999999999999972,0.0,12.939999999999998,0.0,1
Latin America & Caribbean,0.0,0.0,0.0,0.0,-2.3,-3.799999999999999,-5.900000000000002,0.0,0.0,0.0,0.0,1
Latvia,-6.182449340820199,21.148696899414006,0.0,-0.7999999999999972,-1.0,-2.0,-5.6,-3.6000000000000014,4.500000000000002,1.0900000000000034,0.0,1
Lebanon,-12.315917968749915,-14.099029541015604,-9.927288055419893,0.0,0.0,0.0,0.0,-0.20000000000000284,0.0,7.810000000000002,0.0,1
Lesotho,-4.970458984375,3.3697776794432883,0.0,0.0,0.0,0.0,0.0,-0.3999999999999986,0.0,9.080000000000002,5.0,1
Liberia,0.0,0.0,0.0,0.0,0.0,0.0,0.0,-0.8000000000000007,-0.29999999999998295,0.7700000000000014,0.0,1
Libya,0.0,0.0,0.0,0.0,0.0,0.0,0.0,-1.0,0.0,0.8100000000000023,0.0,1
Liechtenstein,0.2062377929690058,7.24416351318402,-2.476268768310497,0.0,0.0,0.0,0.0,0.0,0.0,0.0,0.0,1
Lithuania,3.3581924438479973,7.295661926268991,0.0,3.799999999999997,-0.8,-1.7000000000000002,-3.999999999999999,-1.4000000000000021,0.9000000000000004,2.719999999999999,0.0,1
Low & middle income,0.0,0.0,0.0,0.0,-7.1,-10.7,-9.500000000000007,0.0,0.0,0.0,0.0,1
Low income,1.097015380859986,2.582279205322209,0.96364021301269,0.0,-2.700000000000003,0.09999999999999432,1.7000000000000028,0.0,0.0,0.0,0.0,1
Lower middle income,-0.07434844970698862,7.763469696044901,4.9165306091308025,0.0,0.0,0.0,0.0,0.0,0.0,0.0,0.0,1
Luxembourg,0.0,0.0,0.0,2.3999999999999986,0.3,0.3,0.6,-1.9000000000000004,-1.9000000000000004,-0.030000000000001137,0.0,1
"Macao SAR, China",6.054550170898196,2.687469482421875,13.810775756836001,0.0,0.0,0.0,0.0,0.0,0.0,0.0,0.0,2
"Macedonia, FYR",7.619590759277415,-4.2088623046875,2.8660316467284943,0.0,0.0,0.0,0.0,0.0,0.0,0.0,0.0,1
Madagascar,4.316680908203011,0.0,0.0,0.0,0.0,0.0,0.0,-1.3999999999999986,0.0,1.8399999999999999,0.0,1
Malawi,8.718200683594006,10.339229583740305,0.0,0.0,0.0,0.0,0.0,-1.1999999999999993,-17.400000000000006,1.5999999999999979,0.0,1
Malaysia,1.6814041137690054,10.690238952636705,-11.060501098632795,0.0,0.0,0.0,0.0,-0.8999999999999986,0.0,0.7199999999999989,0.0,1
Maldives,0.0,0.0,0.0,0.0,0.0,0.0,0.0,-2.799999999999999,-5.300000000000001,7.939999999999998,2.0,1
Mali,-7.233718872070199,2.534900665283203,0.0,0.0,0.0,0.0,0.0,-0.1999999999999993,0.0,7.43,0.0,1
Malta,4.409004211425895,-9.185752868652202,10.369640350341804,0.3999999999999986,-0.1,-0.19999999999999998,-0.2,-0.3999999999999986,-7.599999999999998,-0.020000000000010232,0.0,2
Marshall Islands,0.0,0.0,0.0,0.0,0.0,0.0,0.0,0.0,0.0,1.3400000000000034,10.0,1
Mauritania,6.15713500976598,10.2696304321289,1.18759965896606,0.0,0.0,0.0,0.0,0.10000000000000142,0.0,11.060000000000002,1.0,1
Mauritius,0.2503433227540057,6.449195861816406,2.9757499694824077,0.0,0.0,0.0,0.0,-1.3000000000000007,-7.199999999999999,1.2800000000000011,0.0,1
Mexico,0.0,0.0,0.0,0.0,0.0,0.0,0.0,-0.40000000000000036,0.0,4.540000000000006,0.0,1
Micronesia,0.0,0.0,0.0,0.0,0.0,0.0,0.0,0.10000000000000142,0.0,21.269999999999996,-1.0,1
Middle East & North Africa,0.0,0.0,0.0,0.0,2.3,1.5999999999999996,-0.7000000000000028,0.0,0.0,0.0,0.0,1
Middle income,-1.5526428222659945,7.023010253906293,8.0482788085938,0.0,0.0,0.0,0.0,0.0,0.0,0.0,0.0,2
Moldova,-1.127998352050696,-1.873008728027287,3.0681228637696023,-5.100000000000001,-0.5,-4.7,-12.8,0.0,0.0,0.0,0.0,1
Monaco,0.0,0.0,0.0,0.0,0.0,0.0,0.0,0.0,0.0,0.0,0.0,1
Mongolia,-24.80061340332,-0.13021850585928973,14.743988037109396,0.0,0.0,0.0,0.0,-1.8999999999999986,0.0,2.4599999999999937,9.0,2
Montenegro,-12.469764709472713,-10.382621765136705,0.0,0.0,0.0,0.0,0.0,-1.2000000000000028,-5.600000000000001,3.990000000000009,-5.0,1
Morocco,2.430633544920994,0.0,13.7295598983764,0.0,0.0,0.0,0.0,-1.3000000000000007,0.0,6.440000000000012,0.0,2
Mozambique,-3.074897766112997,8.265789031982397,1.8519201278686594,0.0,0.0,0.0,0.0,-1.9000000000000021,0.0,6.010000000000002,0.0,1
Myanmar,0.0,0.0,0.0,0.0,0.0,0.0,0.0,-0.8000000000000007,0.0,-1.9200000000000017,10.0,1
Namibia,0.0,0.0,0.0,0.0,0.0,0.0,0.0,-1.5999999999999979,0.0,1.759999999999998,3.0,1
Nauru,0.0,0.0,0.0,0.0,0.0,0.0,0.0,0.0,33.5,-0.020000000000010232,0.0,1
Nepal,-6.851943969725994,8.376232147216804,0.5356397628783984,0.0,0.0,0.0,0.0,-1.6000000000000014,-1.7999999999999972,14.880000000000003,6.0,1
Netherlands,-4.455116271972997,12.342041015625014,0.0,0.3999999999999986,0.1,0.0,0.2,-1.1999999999999993,-1.8999999999999995,-0.07000000000000739,0.0,1
New Zealand,-1.7277526855467045,-2.3600387573240056,1.413818359375,0.0,0.0,0.0,0.0,-1.4000000000000004,-10.5,0.0,0.0,1
Nicaragua,0.0,0.0,0.0,0.0,0.0,0.0,0.0,-1.0,0.0,5.0,3.0,1
Niger,9.110443115234304,7.231370925903297,0.0,0.0,0.0,0.0,0.0,-0.6000000000000014,-60.099999999999994,2.1899999999999995,0.0,2
Nigeria,0.0,0.0,0.0,0.0,0.0,0.0,0.0,-0.3999999999999986,7.0,3.3699999999999974,0.0,1
Niue,0.0,0.0,0.0,0.0,0.0,0.0,0.0,0.0,0.0,-1.3900000000000006,-4.0,1
North Macedonia,0.0,0.0,0.0,-4.600000000000001,-4.9,-7.799999999999999,-9.400000000000002,0.0,0.0,0.0,0.0,1
Norway,1.4132080078129974,-0.24131011962900573,3.809463500976605,1.8000000000000007,-0.1,0.0,0.0,-2.0,-3.8000000000000007,0.0,0.0,1
Oman,0.0,0.0,0.0,0.0,0.0,0.0,0.0,-2.099999999999998,2.0999999999999996,2.930000000000007,0.0,1
Pakistan,-3.0314407348633097,8.6774101257325,0.0,2.8000000000000007,-4.300000000000001,-12.5,-9.199999999999989,-0.8000000000000007,0.0,7.57,5.0,1
Palau,0.0,0.0,0.0,0.0,0.0,0.0,0.0,0.0,0.0,0.23999999999999488,0.0,1
Panama,0.0,0.0,0.0,-0.8000000000000043,-2.5,-3.999999999999999,-6.4,-0.20000000000000107,2.299999999999997,6.900000000000006,2.0,1
Papua New Guinea,0.0,0.0,0.0,0.0,0.0,0.0,0.0,1.6999999999999993,0.0,-3.0299999999999994,0.0,1
Paraguay,0.0,0.0,0.0,-3.3999999999999986,-3.5,-6.1,-9.8,-0.9000000000000021,0.0,5.460000000000008,7.0,1
Peru,-8.669914245604986,1.0444946289063068,0.0,-2.1000000000000014,-1.9,-4.5,-7.100000000000001,-0.7999999999999989,-1.1000000000000014,2.6200000000000045,8.0,1
Philippines,0.0,0.0,0.0,0.0,0.0,0.0,0.0,-0.7000000000000028,0.0,5.560000000000002,3.0,1
Poland,0.0,0.0,0.0,-1.4000000000000021,0.10000000000000003,-0.19999999999999996,-0.3999999999999999,-1.0999999999999979,-3.0,3.4099999999999966,0.0,1
Portugal,-4.577117919921989,12.187240600585994,-3.7860183715819957,-0.29999999999999716,0.4,0.7000000000000001,0.8999999999999999,-0.9000000000000004,-6.0,0.6499999999999915,0.0,1
Qatar,-2.2840881347659945,-9.973625183106009,4.671199798583952,0.0,0.0,0.0,0.0,-0.9999999999999982,0.0,0.0,0.0,1
Republic of Korea,0.0,0.0,0.0,0.0,0.0,0.0,0.0,-2.299999999999999,-0.40000000000000013,0.0,0.0,1
Republic of Moldova,0.0,0.0,0.0,0.0,0.0,0.0,0.0,-2.0,0.0,0.1799999999999926,4.0,1
Romania,-7.481155395507798,-7.986480712890881,-14.588092803955007,0.3999999999999986,0.7999999999999998,0.8000000000000007,-0.9000000000000021,-1.8999999999999986,-4.700000000000003,3.740000000000009,-8.0,1
Russian Federation,0.0,0.0,0.0,-1.7999999999999972,-0.1,-0.4,-1.5,-4.5,-3.0,2.0900000000000034,-1.0,1
Rwanda,-9.790893554687983,3.9251098632812997,2.33112001419068,0.0,0.0,0.0,0.0,-0.8999999999999986,0.0,5.979999999999997,0.0,1
Saint Kitts and Nevis,0.0,0.0,0.0,0.0,0.0,0.0,0.0,0.0,0.0,0.0,0.0,1
Saint Lucia,0.0,0.0,0.0,0.0,0.0,0.0,0.0,-0.3999999999999986,0.0,1.6600000000000108,0.0,1
Saint Vincent and the Grenadines,0.0,0.0,0.0,0.0,0.0,0.0,0.0,0.9000000000000021,0.0,4.670000000000002,0.0,1
Samoa,-4.024780273437997,-2.703277587890696,0.0,0.0,0.0,0.0,0.0,-2.5,0.0,0.25,5.0,1
San Marino,0.0,0.0,0.0,0.0,0.0,0.0,0.0,0.0,0.0,0.0,0.0,1
Sao Tome and Principe,-8.373344421387003,31.974487304687507,9.105319499969472,0.0,0.0,0.0,0.0,0.0,0.0,7.329999999999998,0.0,0
Saudi Arabia,10.308547973632798,0.0,26.551708221435604,0.0,0.0,0.0,0.0,-1.3999999999999986,0.0,0.5300000000000011,0.0,2
Senegal,0.2553329467773864,14.049060821533203,2.9971995353699006,0.0,0.0,0.0,0.0,-1.6000000000000014,0.0,3.6000000000000014,-8.0,1
Serbia,5.447158813476506,5.241981506347599,9.204967498779297,0.0,0.0,0.0,0.0,-2.3999999999999986,-2.6000000000000014,1.1099999999999994,0.0,2
Seychelles,-8.380310058594006,7.470970153808608,0.0,0.0,0.0,0.0,0.0,-1.5,1.3999999999999986,1.6099999999999994,0.0,1
Sierra Leone,0.0,0.0,0.0,0.0,0.0,0.0,0.0,-1.8000000000000007,17.400000000000006,1.7400000000000002,0.0,1
Singapore,0.0,0.0,0.0,0.0,0.0,0.0,0.0,-1.3000000000000007,-2.0999999999999996,0.0,0.0,1
Slov,-2.6074371337894036,-0.17642211914071027,0.0,-0.3000000000000007,0.19999999999999996,0.19999999999999996,0.5999999999999996,-3.1000000000000014,0.9000000000000021,0.020000000000038654,0.0,1
Solomon Islands,-0.6818237304690058,0.0,0.0,0.0,0.0,0.0,0.0,-1.4000000000000021,0.0,4.969999999999999,0.0,1
Somalia,0.0,0.0,0.0,0.0,0.0,0.0,0.0,0.29999999999999716,0.0,6.630000000000003,0.0,1
South Africa,0.0,0.0,0.0,0.0,0.0,0.0,0.0,-1.5999999999999979,0.0,4.810000000000002,6.0,1
South Sudan,0.0,0.0,0.0,0.0,0.0,0.0,0.0,-0.6999999999999993,0.0,0.0,0.0,1
Spain,-0.7579803466800001,5.426422119141009,10.999855041503906,1.0,0.20000000000000007,0.3999999999999999,0.9000000000000004,-0.5999999999999996,-2.8999999999999995,0.0,0.0,2
Sri Lanka,1.969535827637003,0.0,3.4486789703369,0.0,0.0,0.0,0.0,0.0,0.0,3.410000000000011,6.0,1
St. Kitts and Nevis,-10.9641494750976,-7.119293212890582,0.0,0.0,0.0,0.0,0.0,0.0,0.0,0.0,0.0,1
St. Lucia,0.0,-10.066230773925795,4.2730102539063015,0.0,0.0,0.0,0.0,0.0,0.0,0.0,0.0,1
St. Vincent and the Grenadines,-0.5140151977540057,-1.0924453735359947,0.0,0.0,0.0,0.0,0.0,0.0,0.0,0.0,0.0,1
State of Palestine,0.0,0.0,0.0,0.0,0.0,0.0,0.0,0.0,0.0,0.0,0.0,1
Sub-Saharan Africa,0.0,0.0,0.0,0.0,-5.5,-3.799999999999997,-1.6999999999999886,0.0,0.0,0.0,0.0,1
Sudan,0.0,0.0,0.0,0.0,0.0,0.0,0.0,0.0,0.0,0.0,0.0,1
Sudan (until 2011),0.0,0.0,0.0,0.0,0.0,0.0,0.0,0.0,0.0,0.0,0.0,1
Suriname,4.367919921875,1.813186645507912,0.0,0.0,0.0,0.0,0.0,-1.1999999999999993,0.0,1.5300000000000011,5.0,1
Sweden,21.49842834472601,42.26817321777311,-12.383358001708999,1.5,-0.09999999999999998,0.10000000000000009,-0.19999999999999996,-1.0999999999999996,-1.5,-0.010000000000005116,0.0,0
Switzerland,1.3308792114249997,5.3524932861330115,4.879451751708899,-0.30000000000000426,0.0,-0.1,-0.2,-1.0,-1.2999999999999998,0.0,0.0,1
Syrian Arab Republic,0.0,0.0,18.0524787902832,0.0,0.0,0.0,0.0,-0.3000000000000007,0.0,-0.9599999999999937,0.0,2
Tajikistan,-1.8527908325200144,0.0,3.681940078735302,0.0,0.0,0.0,0.0,-0.7000000000000028,0.0,2.25,8.0,1
Tanzania,-17.249290466308594,0.0,0.0,0.0,0.0,0.0,0.0,0.0,0.0,7.57,0.0,1
Thailand,6.6268081665039915,45.380256652832,-1.3451805114746023,-3.3999999999999986,-0.1,-1.9,-10.5,-1.200000000000001,-5.300000000000004,2.1299999999999955,4.0,0
The former Yugoslav Republic of Macedonia,0.0,0.0,0.0,0.0,0.0,0.0,0.0,-2.3000000000000007,-2.8000000000000007,4.989999999999995,1.0,1
Timor-Leste,5.696075439453011,9.309188842773494,0.0,0.0,0.0,0.0,0.0,-3.3000000000000007,-8.100000000000001,5.479999999999997,4.0,1
Togo,-6.569503784180014,0.0,1.4984502792358203,0.0,0.0,0.0,0.0,-0.8999999999999986,0.0,2.0100000000000016,2.0,1
Tonga,0.0,0.0,0.0,0.0,0.0,0.0,0.0,-1.1999999999999993,0.0,1.8700000000000045,-3.0,1
Trinidad and Tobago,0.0,0.0,0.0,0.0,0.0,0.0,0.0,-2.1000000000000014,0.0,0.7900000000000063,0.0,1
Tunisia,6.945503234862997,-2.224723815917997,-0.5585708618164915,-3.0,-1.8,-6.199999999999999,-13.0,-1.1000000000000014,6.1,4.209999999999994,0.0,1
Turkey,0.9378662109379832,18.284530639647983,38.733238220214794,4.100000000000001,-0.6000000000000001,-1.9,-4.5,-1.8000000000000007,-7.100000000000001,4.909999999999997,0.0,2
Turkmenistan,0.0,0.0,0.0,0.0,0.0,0.0,0.0,-0.3999999999999986,0.0,2.1699999999999875,0.0,1
Tuvalu,0.0,0.0,0.0,0.0,0.0,0.0,0.0,0.0,0.0,1.0999999999999943,1.0,1
Uganda,0.0,0.0,0.0,0.0,0.0,0.0,0.0,-0.8000000000000007,-3.0,0.21000000000000085,0.0,1
Ukraine,0.0,0.0,0.0,0.6999999999999993,0.0,0.3,1.0,-3.400000000000002,0.0,0.5499999999999972,0.0,1
United Arab Emirates,16.64623260498101,0.0,0.0,0.0,0.0,0.0,0.0,-1.1000000000000014,0.0,0.01999999999999602,0.0,1
United Kingdom,0.0,0.0,0.0,-1.1999999999999957,0.0,0.0,0.0,-1.0,-8.799999999999999,-0.010000000000005116,0.0,1
United States,-0.45478057861301124,0.0,-8.432235717773395,1.2000000000000028,0.19999999999999996,0.0,0.0,-0.1999999999999993,-11.900000000000002,0.0,0.0,1
Upper middle income,-3.9020919799809946,8.223236083984304,13.943149566650405,0.0,-6.300000000000001,-13.1,-16.1,0.0,0.0,0.0,0.0,2
Uruguay,0.0,0.0,-7.567512512207095,-4.399999999999999,-0.1,-0.6000000000000001,-4.6,-0.5999999999999979,-3.1000000000000014,1.0,0.0,1
Uzbekistan,5.357795715332017,0.7424392700195028,-0.611020088195799,0.0,0.0,0.0,0.0,-1.6999999999999993,0.0,1.480000000000004,0.0,1
Vanuatu,-2.788063049317003,-4.716857910156193,0.0,0.0,0.0,0.0,0.0,-1.1999999999999993,0.0,-10.519999999999996,-3.0,1
Venezuela,-1.678749084472713,8.716247558593793,0.0,0.0,0.0,0.0,0.0,-0.1999999999999993,0.0,0.0,0.0,1
Viet,3.788948059082003,0.0,6.1479701995849005,0.0,0.0,0.0,0.0,-0.6999999999999993,0.0,9.060000000000002,10.0,1
West Bank and Gaza,3.6435852050780824,-2.6351852416992045,-3.570343017578111,0.0,0.0,0.0,0.0,0.0,0.0,0.0,0.0,1
World,-0.9970245361329972,5.617935180664105,6.350467681884705,0.0,-5.9,-8.799999999999997,-7.799999999999997,0.0,0.0,0.0,0.0,2
Yemen,0.0,0.0,0.0,0.0,0.0,0.0,0.0,-1.1999999999999993,0.0,5.600000000000001,0.0,1
Zambia,0.0,0.0,0.0,1.5,-7.099999999999994,-5.3999999999999915,-3.0,-1.8999999999999986,0.0,0.6500000000000021,-1.0,1
Zimbabwe,0.0,0.0,2.52767038345337,0.0,0.0,0.0,0.0,-1.7000000000000028,0.0,-3.479999999999997,-1.0,1
